<?xml version="1.0" encoding="UTF-8"?>
<office:document-meta xmlns:office="urn:oasis:names:tc:opendocument:xmlns:office:1.0" xmlns:xlink="http://www.w3.org/1999/xlink" xmlns:dc="http://purl.org/dc/elements/1.1/" xmlns:meta="urn:oasis:names:tc:opendocument:xmlns:meta:1.0" xmlns:ooo="http://openoffice.org/2004/office" xmlns:grddl="http://www.w3.org/2003/g/data-view#" office:version="1.2"><office:meta><dc:creator>familia </dc:creator><dc:date>2013-10-11T11:47:25</dc:date><meta:print-date>2013-07-04T11:58:03</meta:print-date><meta:editing-cycles>8</meta:editing-cycles><meta:editing-duration>PT4H12M47S</meta:editing-duration><meta:generator>LibreOffice/3.5$Linux_x86 LibreOffice_project/350m1$Build-2</meta:generator><meta:document-statistic meta:table-count="1" meta:cell-count="62" meta:object-count="0"/></office:meta></office:document-meta>