<?xml version="1.0" encoding="UTF-8"?>
<office:document-styles xmlns:office="urn:oasis:names:tc:opendocument:xmlns:office:1.0" xmlns:style="urn:oasis:names:tc:opendocument:xmlns:style:1.0" xmlns:text="urn:oasis:names:tc:opendocument:xmlns:text:1.0" xmlns:table="urn:oasis:names:tc:opendocument:xmlns:table:1.0" xmlns:draw="urn:oasis:names:tc:opendocument:xmlns:drawing:1.0" xmlns:fo="urn:oasis:names:tc:opendocument:xmlns:xsl-fo-compatible:1.0" xmlns:xlink="http://www.w3.org/1999/xlink" xmlns:dc="http://purl.org/dc/elements/1.1/" xmlns:meta="urn:oasis:names:tc:opendocument:xmlns:meta:1.0" xmlns:number="urn:oasis:names:tc:opendocument:xmlns:datastyle:1.0" xmlns:presentation="urn:oasis:names:tc:opendocument:xmlns:presentation:1.0" xmlns:svg="urn:oasis:names:tc:opendocument:xmlns:svg-compatible:1.0" xmlns:chart="urn:oasis:names:tc:opendocument:xmlns:chart:1.0" xmlns:dr3d="urn:oasis:names:tc:opendocument:xmlns:dr3d:1.0" xmlns:math="http://www.w3.org/1998/Math/MathML" xmlns:form="urn:oasis:names:tc:opendocument:xmlns:form:1.0" xmlns:script="urn:oasis:names:tc:opendocument:xmlns:script:1.0" xmlns:ooo="http://openoffice.org/2004/office" xmlns:ooow="http://openoffice.org/2004/writer" xmlns:oooc="http://openoffice.org/2004/calc" xmlns:dom="http://www.w3.org/2001/xml-events" xmlns:rpt="http://openoffice.org/2005/report" xmlns:of="urn:oasis:names:tc:opendocument:xmlns:of:1.2" xmlns:xhtml="http://www.w3.org/1999/xhtml" xmlns:grddl="http://www.w3.org/2003/g/data-view#" xmlns:tableooo="http://openoffice.org/2009/table" xmlns:css3t="http://www.w3.org/TR/css3-text/" office:version="1.2"><office:font-face-decls><style:font-face style:name="Times New Roman" svg:font-family="&apos;Times New Roman&apos;" style:font-family-generic="roman"/><style:font-face style:name="Arial1" svg:font-family="Arial" style:font-family-generic="swiss"/><style:font-face style:name="Tahoma" svg:font-family="Tahoma" style:font-family-generic="swiss"/><style:font-face style:name="Verdana" svg:font-family="Verdana" style:font-family-generic="swiss"/><style:font-face style:name="Arial" svg:font-family="Arial" style:font-family-generic="swiss" style:font-pitch="variable"/><style:font-face style:name="AR PL KaitiM GB" svg:font-family="&apos;AR PL KaitiM GB&apos;" style:font-family-generic="system" style:font-pitch="variable"/><style:font-face style:name="DejaVu Sans" svg:font-family="&apos;DejaVu Sans&apos;" style:font-family-generic="system" style:font-pitch="variable"/><style:font-face style:name="Lohit Hindi" svg:font-family="&apos;Lohit Hindi&apos;" style:font-family-generic="system" style:font-pitch="variable"/></office:font-face-decls><office:styles><style:default-style style:family="table-cell"><style:paragraph-properties style:tab-stop-distance="1.25cm"/><style:text-properties style:font-name="Arial" fo:language="pt" fo:country="BR" style:font-name-asian="DejaVu Sans" style:language-asian="zh" style:country-asian="CN" style:font-name-complex="DejaVu Sans" style:language-complex="hi" style:country-complex="IN"/></style:default-style><number:number-style style:name="N0"><number:number number:min-integer-digits="1"/></number:number-style><number:currency-style style:name="N104P0" style:volatile="true"><number:currency-symbol number:language="pt" number:country="BR">R$</number:currency-symbol><number:text> </number:text><number:number number:decimal-places="2" number:min-integer-digits="1" number:grouping="true"/></number:currency-style><number:currency-style style:name="N104"><style:text-properties fo:color="#ff0000"/><number:text>-</number:text><number:currency-symbol number:language="pt" number:country="BR">R$</number:currency-symbol><number:text> </number:text><number:number number:decimal-places="2" number:min-integer-digits="1" number:grouping="true"/><style:map style:condition="value()&gt;=0" style:apply-style-name="N104P0"/></number:currency-style><number:number-style style:name="N108P0" style:volatile="true"><number:number number:decimal-places="0" number:min-integer-digits="1" number:grouping="true"/></number:number-style><number:number-style style:name="N108"><number:text>-</number:text><number:number number:decimal-places="0" number:min-integer-digits="1" number:grouping="true"/><style:map style:condition="value()&gt;=0" style:apply-style-name="N108P0"/></number:number-style><number:number-style style:name="N109P0" style:volatile="true"><number:number number:decimal-places="0" number:min-integer-digits="1" number:grouping="true"/></number:number-style><number:number-style style:name="N109"><style:text-properties fo:color="#ff0000"/><number:text>-</number:text><number:number number:decimal-places="0" number:min-integer-digits="1" number:grouping="true"/><style:map style:condition="value()&gt;=0" style:apply-style-name="N109P0"/></number:number-style><number:number-style style:name="N110P0" style:volatile="true"><number:number number:decimal-places="2" number:min-integer-digits="1" number:grouping="true"/></number:number-style><number:number-style style:name="N110"><number:text>-</number:text><number:number number:decimal-places="2" number:min-integer-digits="1" number:grouping="true"/><style:map style:condition="value()&gt;=0" style:apply-style-name="N110P0"/></number:number-style><number:number-style style:name="N111P0" style:volatile="true"><number:number number:decimal-places="2" number:min-integer-digits="1" number:grouping="true"/></number:number-style><number:number-style style:name="N111"><style:text-properties fo:color="#ff0000"/><number:text>-</number:text><number:number number:decimal-places="2" number:min-integer-digits="1" number:grouping="true"/><style:map style:condition="value()&gt;=0" style:apply-style-name="N111P0"/></number:number-style><number:time-style style:name="N112"><number:minutes number:style="long"/><number:text>:</number:text><number:seconds number:style="long"/></number:time-style><number:time-style style:name="N113" number:truncate-on-overflow="false"><number:hours/><number:text>:</number:text><number:minutes number:style="long"/><number:text>:</number:text><number:seconds number:style="long"/></number:time-style><number:time-style style:name="N114"><number:minutes number:style="long"/><number:text>:</number:text><number:seconds number:style="long" number:decimal-places="1"/></number:time-style><number:number-style style:name="N115"><number:scientific-number number:decimal-places="1" number:min-integer-digits="3" number:min-exponent-digits="1"/></number:number-style><style:style style:name="Default" style:family="table-cell"><style:table-cell-properties fo:padding="0.071cm" style:rotation-align="none"/><style:text-properties style:font-name="Verdana" fo:font-size="12pt" style:font-name-asian="AR PL KaitiM GB" style:font-size-asian="12pt" style:font-name-complex="Lohit Hindi" style:font-size-complex="12pt"/></style:style><style:style style:name="Result" style:family="table-cell" style:parent-style-name="Default"><style:text-properties fo:font-style="italic" style:text-underline-style="solid" style:text-underline-width="auto" style:text-underline-color="font-color" fo:font-weight="bold"/></style:style><style:style style:name="Result2" style:family="table-cell" style:parent-style-name="Result" style:data-style-name="N104"/><style:style style:name="Heading" style:family="table-cell" style:parent-style-name="Default"><style:table-cell-properties style:text-align-source="fix" style:repeat-content="false"/><style:paragraph-properties fo:text-align="center"/><style:text-properties fo:font-size="16pt" fo:font-style="italic" fo:font-weight="bold"/></style:style><style:style style:name="Heading1" style:family="table-cell" style:parent-style-name="Heading"><style:table-cell-properties style:rotation-angle="90"/></style:style><style:style style:name="Excel_20_Built-in_20_Normal" style:display-name="Excel Built-in Normal" style:family="table-cell" style:parent-style-name="Default" style:data-style-name="N0"><style:table-cell-properties style:glyph-orientation-vertical="0" style:cell-protect="protected" style:print-content="true" style:diagonal-bl-tr="none" style:diagonal-tl-br="none" style:text-align-source="value-type" style:repeat-content="false" fo:background-color="transparent" fo:wrap-option="no-wrap" fo:border="none" style:direction="ltr" fo:padding="0.071cm" style:rotation-angle="0" style:rotation-align="none" style:shrink-to-fit="false" style:vertical-align="automatic" style:vertical-justify="auto"/><style:paragraph-properties css3t:text-justify="auto" fo:margin-left="0cm" style:writing-mode="page"/><style:text-properties style:use-window-font-color="true" style:text-outline="false" style:text-line-through-style="none" style:font-name="Arial1" fo:font-size="10pt" fo:font-style="normal" fo:text-shadow="none" style:text-underline-style="none" fo:font-weight="normal" style:font-size-asian="10pt" style:font-style-asian="normal" style:font-weight-asian="normal" style:font-name-complex="Arial1" style:font-size-complex="10pt" style:font-style-complex="normal" style:font-weight-complex="normal"/></style:style><style:style style:name="Excel_5f_CondFormat_5f_1_5f_1_5f_1" style:display-name="Excel_CondFormat_1_1_1" style:family="table-cell" style:parent-style-name="Default"><style:text-properties fo:color="#99cc00" fo:font-size="12pt" style:font-size-asian="12pt" style:font-size-complex="12pt"/></style:style><style:style style:name="Excel_5f_CondFormat_5f_1_5f_1_5f_2" style:display-name="Excel_CondFormat_1_1_2" style:family="table-cell" style:parent-style-name="Default"><style:text-properties fo:color="#ff0000" fo:font-size="12pt" style:font-size-asian="12pt" style:font-size-complex="12pt"/></style:style><style:style style:name="Excel_5f_CondFormat_5f_2_5f_1_5f_1" style:display-name="Excel_CondFormat_2_1_1" style:family="table-cell" style:parent-style-name="Default"><style:text-properties fo:color="#99cc00" fo:font-size="12pt" style:font-size-asian="12pt" style:font-size-complex="12pt"/></style:style><style:style style:name="Excel_5f_CondFormat_5f_2_5f_1_5f_2" style:display-name="Excel_CondFormat_2_1_2" style:family="table-cell" style:parent-style-name="Default"><style:text-properties fo:color="#ff0000" fo:font-size="12pt" style:font-size-asian="12pt" style:font-size-complex="12pt"/></style:style><style:style style:name="Excel_5f_CondFormat_5f_3_5f_1_5f_1" style:display-name="Excel_CondFormat_3_1_1" style:family="table-cell" style:parent-style-name="Default"><style:text-properties fo:color="#99cc00" fo:font-size="12pt" style:font-size-asian="12pt" style:font-size-complex="12pt"/></style:style><style:style style:name="Excel_5f_CondFormat_5f_3_5f_1_5f_2" style:display-name="Excel_CondFormat_3_1_2" style:family="table-cell" style:parent-style-name="Default"><style:text-properties fo:color="#ff0000" fo:font-size="12pt" style:font-size-asian="12pt" style:font-size-complex="12pt"/></style:style><style:style style:name="Excel_5f_CondFormat_5f_3_5f_2_5f_1" style:display-name="Excel_CondFormat_3_2_1" style:family="table-cell" style:parent-style-name="Default"><style:text-properties fo:color="#99cc00" fo:font-size="12pt" style:font-size-asian="12pt" style:font-size-complex="12pt"/></style:style><style:style style:name="Excel_5f_CondFormat_5f_3_5f_2_5f_2" style:display-name="Excel_CondFormat_3_2_2" style:family="table-cell" style:parent-style-name="Default"><style:text-properties fo:color="#ff0000" fo:font-size="12pt" style:font-size-asian="12pt" style:font-size-complex="12pt"/></style:style><style:style style:name="Excel_5f_CondFormat_5f_4_5f_1_5f_1" style:display-name="Excel_CondFormat_4_1_1" style:family="table-cell" style:parent-style-name="Default"><style:text-properties fo:color="#99cc00" fo:font-size="12pt" style:font-size-asian="12pt" style:font-size-complex="12pt"/></style:style><style:style style:name="Excel_5f_CondFormat_5f_4_5f_1_5f_2" style:display-name="Excel_CondFormat_4_1_2" style:family="table-cell" style:parent-style-name="Default"><style:text-properties fo:color="#ff0000" fo:font-size="12pt" style:font-size-asian="12pt" style:font-size-complex="12pt"/></style:style><style:style style:name="Excel_5f_CondFormat_5f_5_5f_1_5f_1" style:display-name="Excel_CondFormat_5_1_1" style:family="table-cell" style:parent-style-name="Default"><style:text-properties fo:color="#99cc00" fo:font-size="12pt" style:font-size-asian="12pt" style:font-size-complex="12pt"/></style:style><style:style style:name="Excel_5f_CondFormat_5f_5_5f_1_5f_2" style:display-name="Excel_CondFormat_5_1_2" style:family="table-cell" style:parent-style-name="Default"><style:text-properties fo:color="#ff0000" fo:font-size="12pt" style:font-size-asian="12pt" style:font-size-complex="12pt"/></style:style><draw:marker draw:name="msArrowEnd_20_5" draw:display-name="msArrowEnd 5" svg:viewBox="0 0 210 210" svg:d="m105 0 105 210h-210z"/></office:styles><office:automatic-styles><style:page-layout style:name="Mpm1"><style:page-layout-properties style:first-page-number="continue" style:writing-mode="lr-tb"/><style:header-style><style:header-footer-properties fo:min-height="0.75cm" fo:margin-left="0cm" fo:margin-right="0cm" fo:margin-bottom="0.25cm"/></style:header-style><style:footer-style><style:header-footer-properties fo:min-height="0.75cm" fo:margin-left="0cm" fo:margin-right="0cm" fo:margin-top="0.25cm"/></style:footer-style></style:page-layout><style:page-layout style:name="Mpm2"><style:page-layout-properties style:writing-mode="lr-tb"/><style:header-style><style:header-footer-properties fo:min-height="0.75cm" fo:margin-left="0cm" fo:margin-right="0cm" fo:margin-bottom="0.25cm" fo:border="2.49pt solid #000000" fo:padding="0.018cm" fo:background-color="#c0c0c0"><style:background-image/></style:header-footer-properties></style:header-style><style:footer-style><style:header-footer-properties fo:min-height="0.75cm" fo:margin-left="0cm" fo:margin-right="0cm" fo:margin-top="0.25cm" fo:border="2.49pt solid #000000" fo:padding="0.018cm" fo:background-color="#c0c0c0"><style:background-image/></style:header-footer-properties></style:footer-style></style:page-layout><style:page-layout style:name="Mpm3"><style:page-layout-properties fo:page-width="29.7cm" fo:page-height="21.001cm" style:num-format="1" style:print-orientation="landscape" fo:margin-top="1.041cm" fo:margin-bottom="1.168cm" fo:margin-left="0.94cm" fo:margin-right="0.762cm" style:first-page-number="continue" style:scale-to="100%" style:writing-mode="lr-tb"/><style:header-style><style:header-footer-properties fo:min-height="0.75cm" fo:margin-left="0.96cm" fo:margin-right="1.138cm" fo:margin-bottom="0cm"/></style:header-style><style:footer-style><style:header-footer-properties fo:min-height="0.75cm" fo:margin-left="0.96cm" fo:margin-right="1.138cm" fo:margin-top="0cm"/></style:footer-style></style:page-layout><style:page-layout style:name="Mpm4"><style:page-layout-properties style:num-format="1" style:print-orientation="portrait" fo:margin-top="2.499cm" fo:margin-bottom="2.499cm" fo:margin-left="1.9cm" fo:margin-right="1.9cm" style:first-page-number="continue" style:scale-to="100%" style:writing-mode="lr-tb"/><style:header-style><style:header-footer-properties fo:min-height="0.75cm" fo:margin-left="0cm" fo:margin-right="0cm" fo:margin-bottom="0cm"/></style:header-style><style:footer-style><style:header-footer-properties fo:min-height="0.75cm" fo:margin-left="0cm" fo:margin-right="0cm" fo:margin-top="0cm"/></style:footer-style></style:page-layout></office:automatic-styles><office:master-styles><style:master-page style:name="Default" style:page-layout-name="Mpm1"><style:header><text:p><text:sheet-name>???</text:sheet-name></text:p></style:header><style:header-left style:display="false"/><style:footer><text:p>Página <text:page-number>1</text:page-number></text:p></style:footer><style:footer-left style:display="false"/></style:master-page><style:master-page style:name="Report" style:page-layout-name="Mpm2"><style:header><style:region-left><text:p><text:sheet-name>???</text:sheet-name> (<text:title>???</text:title>)</text:p></style:region-left><style:region-right><text:p><text:date style:data-style-name="N2" text:date-value="2013-10-11">00/00/0000</text:date>, <text:time>00:00:00</text:time></text:p></style:region-right></style:header><style:header-left style:display="false"/><style:footer><text:p>Página <text:page-number>1</text:page-number> / <text:page-count>99</text:page-count></text:p></style:footer><style:footer-left style:display="false"/></style:master-page><style:master-page style:name="PageStyle_5f_DTCEA-AR_20_" style:display-name="PageStyle_DTCEA-AR " style:page-layout-name="Mpm3"><style:header style:display="false"/><style:header-left style:display="false"/><style:footer style:display="false"/><style:footer-left style:display="false"/></style:master-page><style:master-page style:name="PageStyle_5f_DTCEA-RF_20_" style:display-name="PageStyle_DTCEA-RF " style:page-layout-name="Mpm4"><style:header style:display="false"/><style:header-left style:display="false"/><style:footer style:display="false"/><style:footer-left style:display="false"/></style:master-page><style:master-page style:name="PageStyle_5f_ACC-AO_20_" style:display-name="PageStyle_ACC-AO " style:page-layout-name="Mpm4"><style:header style:display="false"/><style:header-left style:display="false"/><style:footer style:display="false"/><style:footer-left style:display="false"/></style:master-page><style:master-page style:name="PageStyle_5f_APP-RF_20_" style:display-name="PageStyle_APP-RF " style:page-layout-name="Mpm4"><style:header style:display="false"/><style:header-left style:display="false"/><style:footer style:display="false"/><style:footer-left style:display="false"/></style:master-page><style:master-page style:name="PageStyle_5f_DTCEA-MO" style:display-name="PageStyle_DTCEA-MO" style:page-layout-name="Mpm4"><style:header style:display="false"/><style:header-left style:display="false"/><style:footer style:display="false"/><style:footer-left style:display="false"/></style:master-page></office:master-styles></office:document-styles>