<?xml version="1.0" encoding="UTF-8"?>
<office:document-content xmlns:office="urn:oasis:names:tc:opendocument:xmlns:office:1.0" xmlns:style="urn:oasis:names:tc:opendocument:xmlns:style:1.0" xmlns:text="urn:oasis:names:tc:opendocument:xmlns:text:1.0" xmlns:table="urn:oasis:names:tc:opendocument:xmlns:table:1.0" xmlns:draw="urn:oasis:names:tc:opendocument:xmlns:drawing:1.0" xmlns:fo="urn:oasis:names:tc:opendocument:xmlns:xsl-fo-compatible:1.0" xmlns:xlink="http://www.w3.org/1999/xlink" xmlns:dc="http://purl.org/dc/elements/1.1/" xmlns:meta="urn:oasis:names:tc:opendocument:xmlns:meta:1.0" xmlns:number="urn:oasis:names:tc:opendocument:xmlns:datastyle:1.0" xmlns:presentation="urn:oasis:names:tc:opendocument:xmlns:presentation:1.0" xmlns:svg="urn:oasis:names:tc:opendocument:xmlns:svg-compatible:1.0" xmlns:chart="urn:oasis:names:tc:opendocument:xmlns:chart:1.0" xmlns:dr3d="urn:oasis:names:tc:opendocument:xmlns:dr3d:1.0" xmlns:math="http://www.w3.org/1998/Math/MathML" xmlns:form="urn:oasis:names:tc:opendocument:xmlns:form:1.0" xmlns:script="urn:oasis:names:tc:opendocument:xmlns:script:1.0" xmlns:ooo="http://openoffice.org/2004/office" xmlns:ooow="http://openoffice.org/2004/writer" xmlns:oooc="http://openoffice.org/2004/calc" xmlns:dom="http://www.w3.org/2001/xml-events" xmlns:xforms="http://www.w3.org/2002/xforms" xmlns:xsd="http://www.w3.org/2001/XMLSchema" xmlns:xsi="http://www.w3.org/2001/XMLSchema-instance" xmlns:rpt="http://openoffice.org/2005/report" xmlns:of="urn:oasis:names:tc:opendocument:xmlns:of:1.2" xmlns:xhtml="http://www.w3.org/1999/xhtml" xmlns:grddl="http://www.w3.org/2003/g/data-view#" xmlns:tableooo="http://openoffice.org/2009/table" xmlns:drawooo="http://openoffice.org/2010/draw" xmlns:calcext="urn:org:documentfoundation:names:experimental:calc:xmlns:calcext:1.0" xmlns:loext="urn:org:documentfoundation:names:experimental:office:xmlns:loext:1.0" xmlns:field="urn:openoffice:names:experimental:ooo-ms-interop:xmlns:field:1.0" xmlns:formx="urn:openoffice:names:experimental:ooxml-odf-interop:xmlns:form:1.0" xmlns:css3t="http://www.w3.org/TR/css3-text/" office:version="1.2"><office:scripts/><office:font-face-decls><style:font-face style:name="Arial1" svg:font-family="Arial" style:font-adornments="Regular" style:font-family-generic="swiss"/><style:font-face style:name="Times New Roman" svg:font-family="&apos;Times New Roman&apos;" style:font-family-generic="roman" style:font-pitch="variable"/><style:font-face style:name="Arial" svg:font-family="Arial" style:font-family-generic="swiss" style:font-pitch="variable"/><style:font-face style:name="Liberation Sans" svg:font-family="&apos;Liberation Sans&apos;" style:font-family-generic="swiss" style:font-pitch="variable"/><style:font-face style:name="AR PL KaitiM GB" svg:font-family="&apos;AR PL KaitiM GB&apos;" style:font-family-generic="system" style:font-pitch="variable"/><style:font-face style:name="DejaVu Sans" svg:font-family="&apos;DejaVu Sans&apos;" style:font-family-generic="system" style:font-pitch="variable"/><style:font-face style:name="Lohit Hindi" svg:font-family="&apos;Lohit Hindi&apos;" style:font-family-generic="system" style:font-pitch="variable"/></office:font-face-decls><office:automatic-styles><style:style style:name="co1" style:family="table-column"><style:table-column-properties fo:break-before="auto" style:column-width="2.196cm"/></style:style><style:style style:name="co2" style:family="table-column"><style:table-column-properties fo:break-before="auto" style:column-width="5.856cm"/></style:style><style:style style:name="co3" style:family="table-column"><style:table-column-properties fo:break-before="auto" style:column-width="2.401cm"/></style:style><style:style style:name="co4" style:family="table-column"><style:table-column-properties fo:break-before="auto" style:column-width="2.663cm"/></style:style><style:style style:name="co5" style:family="table-column"><style:table-column-properties fo:break-before="auto" style:column-width="0.965cm"/></style:style><style:style style:name="co6" style:family="table-column"><style:table-column-properties fo:break-before="auto" style:column-width="1.815cm"/></style:style><style:style style:name="co7" style:family="table-column"><style:table-column-properties fo:break-before="auto" style:column-width="3.191cm"/></style:style><style:style style:name="co8" style:family="table-column"><style:table-column-properties fo:break-before="auto" style:column-width="2.547cm"/></style:style><style:style style:name="co9" style:family="table-column"><style:table-column-properties fo:break-before="auto" style:column-width="2.81cm"/></style:style><style:style style:name="co10" style:family="table-column"><style:table-column-properties fo:break-before="auto" style:column-width="1.697cm"/></style:style><style:style style:name="co11" style:family="table-column"><style:table-column-properties fo:break-before="auto" style:column-width="1.464cm"/></style:style><style:style style:name="co12" style:family="table-column"><style:table-column-properties fo:break-before="auto" style:column-width="0.937cm"/></style:style><style:style style:name="co13" style:family="table-column"><style:table-column-properties fo:break-before="auto" style:column-width="2.258cm"/></style:style><style:style style:name="ro1" style:family="table-row"><style:table-row-properties style:row-height="0.427cm" fo:break-before="auto" style:use-optimal-row-height="true"/></style:style><style:style style:name="ro2" style:family="table-row"><style:table-row-properties style:row-height="0.446cm" fo:break-before="auto" style:use-optimal-row-height="true"/></style:style><style:style style:name="ro3" style:family="table-row"><style:table-row-properties style:row-height="0.452cm" fo:break-before="auto" style:use-optimal-row-height="true"/></style:style><style:style style:name="ro4" style:family="table-row"><style:table-row-properties style:row-height="1.161cm" fo:break-before="auto" style:use-optimal-row-height="false"/></style:style><style:style style:name="ro5" style:family="table-row"><style:table-row-properties style:row-height="1.33cm" fo:break-before="auto" style:use-optimal-row-height="false"/></style:style><style:style style:name="ta1" style:family="table" style:master-page-name="Default"><style:table-properties table:display="true" style:writing-mode="lr-tb"/></style:style><number:number-style style:name="N3"><number:number number:decimal-places="0" number:min-integer-digits="1" number:grouping="true"/></number:number-style><number:text-style style:name="N100"><number:text-content/></number:text-style><style:style style:name="ce1" style:family="table-cell" style:parent-style-name="Default"><style:table-cell-properties style:text-align-source="fix" style:repeat-content="false" style:vertical-align="middle"/><style:paragraph-properties fo:text-align="center"/><style:text-properties fo:font-weight="bold" style:font-weight-asian="bold" style:font-weight-complex="bold"/></style:style><style:style style:name="ce2" style:family="table-cell" style:parent-style-name="Default"><style:table-cell-properties style:text-align-source="fix" style:repeat-content="false" style:vertical-align="middle"/><style:paragraph-properties fo:text-align="center"/><style:text-properties style:text-underline-style="solid" style:text-underline-width="auto" style:text-underline-color="font-color" fo:font-weight="bold" style:font-weight-asian="bold" style:font-weight-complex="bold"/></style:style><style:style style:name="ce3" style:family="table-cell" style:parent-style-name="Default"><style:table-cell-properties style:text-align-source="fix" style:repeat-content="false" fo:border="0.06pt solid #000000" style:vertical-align="middle"/><style:paragraph-properties fo:text-align="start" fo:margin-left="0cm"/><style:text-properties fo:font-weight="bold" style:font-weight-asian="bold" style:font-weight-complex="bold"/></style:style><style:style style:name="ce4" style:family="table-cell" style:parent-style-name="Default"><style:table-cell-properties style:text-align-source="fix" style:repeat-content="false" fo:border="0.06pt solid #000000"/><style:paragraph-properties fo:text-align="center" fo:margin-left="0cm"/><style:text-properties fo:font-weight="bold" style:font-weight-asian="bold" style:font-weight-complex="bold"/></style:style><style:style style:name="ce5" style:family="table-cell" style:parent-style-name="Default"><style:table-cell-properties style:text-align-source="fix" style:repeat-content="false" fo:border="0.06pt solid #000000"/><style:paragraph-properties fo:text-align="center" fo:margin-left="0cm"/></style:style><style:style style:name="ce6" style:family="table-cell" style:parent-style-name="Default"><style:table-cell-properties style:text-align-source="fix" style:repeat-content="false" fo:border="0.06pt solid #000000" style:vertical-align="middle"/><style:paragraph-properties fo:text-align="start" fo:margin-left="0cm"/><style:text-properties style:use-window-font-color="true" style:text-outline="false" style:text-line-through-style="none" style:text-line-through-type="none" fo:font-size="10pt" fo:language="pt" fo:country="BR" fo:font-style="normal" fo:text-shadow="none" style:text-underline-style="none" fo:font-weight="bold" style:text-underline-mode="continuous" style:text-overline-mode="continuous" style:text-line-through-mode="continuous" style:font-size-asian="10pt" style:language-asian="zxx" style:country-asian="none" style:font-style-asian="normal" style:font-weight-asian="bold" style:font-size-complex="10pt" style:language-complex="zxx" style:country-complex="none" style:font-style-complex="normal" style:font-weight-complex="bold" style:text-emphasize="none" style:font-relief="none" style:text-overline-style="none" style:text-overline-color="font-color"/></style:style><style:style style:name="ce7" style:family="table-cell" style:parent-style-name="Default"><style:table-cell-properties style:text-align-source="fix" style:repeat-content="false" fo:border="0.06pt solid #000000" style:vertical-align="middle"/><style:paragraph-properties fo:text-align="start" fo:margin-left="0cm"/><style:text-properties style:use-window-font-color="true" style:text-outline="false" style:text-line-through-style="none" style:text-line-through-type="none" fo:font-size="10pt" fo:language="pt" fo:country="BR" fo:font-style="normal" fo:text-shadow="none" style:text-underline-style="none" style:text-underline-mode="continuous" style:text-overline-mode="continuous" style:text-line-through-mode="continuous" style:font-size-asian="10pt" style:language-asian="zxx" style:country-asian="none" style:font-style-asian="normal" style:font-size-complex="10pt" style:language-complex="zxx" style:country-complex="none" style:font-style-complex="normal" style:text-emphasize="none" style:font-relief="none" style:text-overline-style="none" style:text-overline-color="font-color"/></style:style><style:style style:name="ce8" style:family="table-cell" style:parent-style-name="Default"><style:table-cell-properties style:text-align-source="fix" style:repeat-content="false" fo:border="none" style:vertical-align="middle"/><style:paragraph-properties fo:text-align="start" fo:margin-left="0cm"/><style:text-properties style:use-window-font-color="true" style:text-outline="false" style:text-line-through-style="none" style:text-line-through-type="none" fo:font-size="10pt" fo:language="pt" fo:country="BR" fo:font-style="normal" fo:text-shadow="none" style:text-underline-style="none" style:text-underline-mode="continuous" style:text-overline-mode="continuous" style:text-line-through-mode="continuous" style:font-size-asian="10pt" style:language-asian="zxx" style:country-asian="none" style:font-style-asian="normal" style:font-size-complex="10pt" style:language-complex="zxx" style:country-complex="none" style:font-style-complex="normal" style:text-emphasize="none" style:font-relief="none" style:text-overline-style="none" style:text-overline-color="font-color"/></style:style><style:style style:name="ce9" style:family="table-cell" style:parent-style-name="Default"><style:table-cell-properties style:text-align-source="fix" style:repeat-content="false" style:vertical-align="middle"/><style:paragraph-properties fo:text-align="center"/></style:style><style:style style:name="ce10" style:family="table-cell" style:parent-style-name="Default"><style:table-cell-properties style:text-align-source="fix" style:repeat-content="false" style:vertical-align="middle"/><style:paragraph-properties fo:text-align="center" fo:margin-left="0cm"/></style:style><style:style style:name="ce11" style:family="table-cell" style:parent-style-name="Default"><style:text-properties fo:font-weight="bold" style:font-weight-asian="bold" style:font-weight-complex="bold"/></style:style><style:style style:name="ce12" style:family="table-cell" style:parent-style-name="Default"><style:table-cell-properties style:text-align-source="fix" style:repeat-content="false" fo:border="0.06pt solid #000000"/><style:paragraph-properties fo:text-align="start" fo:margin-left="0cm"/><style:text-properties fo:font-weight="normal" style:font-weight-asian="normal" style:font-weight-complex="normal"/></style:style><style:style style:name="ce13" style:family="table-cell" style:parent-style-name="Default"><style:table-cell-properties style:text-align-source="fix" style:repeat-content="false" style:vertical-align="middle"/><style:paragraph-properties fo:text-align="center" fo:margin-left="0cm"/><style:text-properties fo:font-weight="bold" style:font-weight-asian="bold" style:font-weight-complex="bold"/></style:style><style:style style:name="ce14" style:family="table-cell" style:parent-style-name="Default"><style:table-cell-properties style:text-align-source="fix" style:repeat-content="false" fo:border="none" style:vertical-align="middle"/><style:paragraph-properties fo:text-align="center" fo:margin-left="0cm"/></style:style><style:style style:name="ce15" style:family="table-cell" style:parent-style-name="Default"><style:table-cell-properties style:text-align-source="fix" style:repeat-content="false" fo:border="0.06pt solid #000000"/><style:paragraph-properties fo:text-align="start" fo:margin-left="0cm"/><style:text-properties fo:font-weight="bold" style:font-weight-asian="bold" style:font-weight-complex="bold"/></style:style><style:style style:name="ce16" style:family="table-cell" style:parent-style-name="Default" style:data-style-name="N100"><style:table-cell-properties style:text-align-source="fix" style:repeat-content="false" fo:wrap-option="wrap" fo:border="none" style:vertical-align="middle"/><style:paragraph-properties fo:text-align="center"/></style:style><style:style style:name="ce17" style:family="table-cell" style:parent-style-name="Default"><style:table-cell-properties style:text-align-source="fix" style:repeat-content="false"/><style:paragraph-properties fo:text-align="center" fo:margin-left="0cm"/></style:style><style:style style:name="ce18" style:family="table-cell" style:parent-style-name="Default"><style:table-cell-properties style:text-align-source="fix" style:repeat-content="false" fo:border="0.06pt solid #000000"/><style:paragraph-properties fo:text-align="center" fo:margin-left="0cm"/><style:text-properties fo:font-weight="normal" style:font-weight-asian="normal" style:font-weight-complex="normal"/></style:style><style:style style:name="ce19" style:family="table-cell" style:parent-style-name="Default"><style:table-cell-properties style:text-align-source="fix" style:repeat-content="false" fo:border="0.06pt solid #000000" style:vertical-align="middle"/><style:paragraph-properties fo:text-align="center"/></style:style><style:style style:name="ce20" style:family="table-cell" style:parent-style-name="Default"><style:table-cell-properties style:text-align-source="fix" style:repeat-content="false" fo:border="none" style:vertical-align="middle"/><style:paragraph-properties fo:text-align="center"/></style:style><style:style style:name="ce21" style:family="table-cell" style:parent-style-name="Default"><style:table-cell-properties style:text-align-source="fix" style:repeat-content="false" fo:border="0.06pt solid #000000"/><style:paragraph-properties fo:text-align="start" fo:margin-left="0cm"/></style:style><style:style style:name="ce22" style:family="table-cell" style:parent-style-name="Default" style:data-style-name="N3"><style:table-cell-properties style:text-align-source="fix" style:repeat-content="false" fo:border="0.06pt solid #000000"/><style:paragraph-properties fo:text-align="center" fo:margin-left="0cm"/><style:text-properties fo:font-weight="normal" style:font-weight-asian="normal" style:font-weight-complex="normal"/></style:style><style:style style:name="ce23" style:family="table-cell" style:parent-style-name="Default"><style:table-cell-properties fo:border="none"/></style:style><style:style style:name="ce24" style:family="table-cell" style:parent-style-name="Default"><style:table-cell-properties style:text-align-source="fix" style:repeat-content="false" fo:border="0.06pt solid #000000" style:vertical-align="middle"/><style:paragraph-properties fo:text-align="center" fo:margin-left="0cm"/></style:style><style:style style:name="ce25" style:family="table-cell" style:parent-style-name="Default"><style:table-cell-properties fo:wrap-option="wrap" fo:border="0.06pt solid #000000"/><style:text-properties style:use-window-font-color="true" style:text-outline="false" style:text-line-through-style="none" style:text-line-through-type="none" style:font-name="Times New Roman" fo:font-size="10pt" fo:language="pt" fo:country="BR" fo:font-style="normal" fo:text-shadow="none" style:text-underline-style="none" fo:font-weight="normal" style:text-underline-mode="continuous" style:text-overline-mode="continuous" style:text-line-through-mode="continuous" style:font-size-asian="10pt" style:language-asian="zh" style:country-asian="CN" style:font-style-asian="normal" style:font-weight-asian="normal" style:font-size-complex="10pt" style:language-complex="hi" style:country-complex="IN" style:font-style-complex="normal" style:font-weight-complex="normal" style:text-emphasize="none" style:font-relief="none" style:text-overline-style="none" style:text-overline-color="font-color"/></style:style><style:style style:name="ce26" style:family="table-cell" style:parent-style-name="Default"><style:table-cell-properties style:text-align-source="fix" style:repeat-content="false" fo:border="0.06pt solid #000000"/><style:paragraph-properties fo:text-align="center" fo:margin-left="0cm"/><style:text-properties style:font-name="Arial1" fo:font-weight="normal" style:font-name-asian="Arial1" style:font-weight-asian="normal" style:font-name-complex="Arial1" style:font-weight-complex="normal"/></style:style><style:style style:name="ce27" style:family="table-cell" style:parent-style-name="Default"><style:table-cell-properties fo:border="0.06pt solid #000000"/></style:style><style:style style:name="ce28" style:family="table-cell" style:parent-style-name="Default" style:data-style-name="N3"><style:table-cell-properties style:text-align-source="fix" style:repeat-content="false" fo:wrap-option="wrap" fo:border="0.06pt solid #000000"/><style:paragraph-properties fo:text-align="center" fo:margin-left="0cm"/><style:text-properties style:use-window-font-color="true" style:text-outline="false" style:text-line-through-style="none" style:text-line-through-type="none" style:font-name="Times New Roman" fo:font-size="10pt" fo:language="pt" fo:country="BR" fo:font-style="normal" fo:text-shadow="none" style:text-underline-style="none" fo:font-weight="normal" style:text-underline-mode="continuous" style:text-overline-mode="continuous" style:text-line-through-mode="continuous" style:font-size-asian="10pt" style:language-asian="zh" style:country-asian="CN" style:font-style-asian="normal" style:font-weight-asian="normal" style:font-size-complex="10pt" style:language-complex="hi" style:country-complex="IN" style:font-style-complex="normal" style:font-weight-complex="normal" style:text-emphasize="none" style:font-relief="none" style:text-overline-style="none" style:text-overline-color="font-color"/></style:style><style:style style:name="gr1" style:family="graphic"><style:graphic-properties draw:stroke="none" draw:fill="none" draw:textarea-horizontal-align="center" draw:textarea-vertical-align="middle" draw:color-mode="standard" draw:luminance="0%" draw:contrast="0%" draw:gamma="100%" draw:red="0%" draw:green="0%" draw:blue="0%" fo:clip="rect(0cm, 0cm, 0cm, 0cm)" draw:image-opacity="100%" style:mirror="none"/></style:style><style:style style:name="P1" style:family="paragraph"><style:paragraph-properties fo:text-align="center"/></style:style><style:style style:name="T1" style:family="text"><style:text-properties fo:font-size="10pt" style:letter-kerning="true" fo:country="BR" style:country-asian="none" style:country-complex="none" style:font-size-asian="10pt" style:font-size-complex="10pt" style:font-weight-asian="bold" style:font-weight-complex="bold"/></style:style><style:style style:name="T2" style:family="text"><style:text-properties fo:font-size="10pt" fo:font-weight="bold" style:letter-kerning="true" fo:country="BR" style:country-asian="none" style:country-complex="none" style:font-size-asian="10pt" style:font-size-complex="10pt" style:font-weight-asian="bold" style:font-weight-complex="bold"/></style:style><style:style style:name="T3" style:family="text"><style:text-properties fo:font-size="10pt" style:letter-kerning="true" fo:country="BR" style:country-asian="none" style:country-complex="none" style:font-size-asian="10pt" style:font-size-complex="10pt"/></style:style><style:style style:name="T4" style:family="text"><style:text-properties fo:font-weight="bold" style:font-weight-asian="bold" style:font-weight-complex="bold"/></style:style></office:automatic-styles><office:body><office:spreadsheet><table:table table:name="MET011" table:style-name="ta1"><office:forms form:automatic-focus="false" form:apply-design-mode="false"/><table:shapes><draw:frame draw:z-index="0" draw:name="Figuras 1" draw:style-name="gr1" draw:text-style-name="P1" svg:width="5.43cm" svg:height="5.037cm" svg:x="0.303cm" svg:y="12.914cm"><draw:image xlink:href="Pictures/10000201000000D50000006466F285B0.png" xlink:type="simple" xlink:show="embed" xlink:actuate="onLoad"><text:p/></draw:image></draw:frame></table:shapes><table:table-column table:style-name="co1" table:default-cell-style-name="Default"/><table:table-column table:style-name="co2" table:default-cell-style-name="Default"/><table:table-column table:style-name="co3" table:default-cell-style-name="Default"/><table:table-column table:style-name="co4" table:default-cell-style-name="Default"/><table:table-column table:style-name="co5" table:default-cell-style-name="Default"/><table:table-column table:style-name="co6" table:default-cell-style-name="Default"/><table:table-column table:style-name="co7" table:default-cell-style-name="Default"/><table:table-column table:style-name="co8" table:default-cell-style-name="Default"/><table:table-column table:style-name="co9" table:default-cell-style-name="Default"/><table:table-column table:style-name="co10" table:default-cell-style-name="Default"/><table:table-column table:style-name="co11" table:default-cell-style-name="Default"/><table:table-column table:style-name="co12" table:default-cell-style-name="Default"/><table:table-row table:style-name="ro1"><table:table-cell table:style-name="ce1" office:value-type="string" calcext:value-type="string" table:number-columns-spanned="12" table:number-rows-spanned="1"><text:p>MINISTÉRIO DA DEFESA</text:p></table:table-cell><table:covered-table-cell table:number-columns-repeated="3"/><table:covered-table-cell table:style-name="ce1"/><table:covered-table-cell table:number-columns-repeated="7"/></table:table-row><table:table-row table:style-name="ro1"><table:table-cell table:style-name="ce1" office:value-type="string" calcext:value-type="string" table:number-columns-spanned="12" table:number-rows-spanned="1"><text:p>COMANDO DA AERONÁUTICA</text:p></table:table-cell><table:covered-table-cell table:style-name="ce11"/><table:covered-table-cell table:number-columns-repeated="2"/><table:covered-table-cell table:style-name="ce1"/><table:covered-table-cell table:number-columns-repeated="7"/></table:table-row><table:table-row table:style-name="ro1"><table:table-cell table:style-name="ce1" office:value-type="string" calcext:value-type="string" table:number-columns-spanned="12" table:number-rows-spanned="1"><text:p>CINDACTA IV</text:p></table:table-cell><table:covered-table-cell table:number-columns-repeated="3"/><table:covered-table-cell table:style-name="ce1"/><table:covered-table-cell table:number-columns-repeated="7"/></table:table-row><table:table-row table:style-name="ro1"><table:table-cell table:number-columns-repeated="12"/></table:table-row><table:table-row table:style-name="ro1"><table:table-cell table:style-name="ce1" office:value-type="string" calcext:value-type="string" table:number-columns-spanned="12" table:number-rows-spanned="1"><text:p>DIVISÃO DE OPERAÇÕES</text:p></table:table-cell><table:covered-table-cell table:number-columns-repeated="3"/><table:covered-table-cell table:style-name="ce1"/><table:covered-table-cell table:number-columns-repeated="7"/></table:table-row><table:table-row table:style-name="ro1"><table:table-cell table:style-name="ce2" office:value-type="string" calcext:value-type="string" table:number-columns-spanned="12" table:number-rows-spanned="1"><text:p>INDICAÇÃO DE INSTRUTOR/ALUNO</text:p></table:table-cell><table:covered-table-cell table:number-columns-repeated="3"/><table:covered-table-cell table:style-name="ce2"/><table:covered-table-cell table:number-columns-repeated="7"/></table:table-row><table:table-row table:style-name="ro1"><table:table-cell table:number-columns-repeated="12"/></table:table-row><table:table-row table:style-name="ro1"><table:table-cell table:style-name="ce1" office:value-type="string" calcext:value-type="string" table:number-columns-spanned="12" table:number-rows-spanned="1"><text:p>CTP010</text:p></table:table-cell><table:covered-table-cell/><table:covered-table-cell table:style-name="ce1"/><table:covered-table-cell table:style-name="ce9"/><table:covered-table-cell table:number-columns-repeated="8"/></table:table-row><table:table-row table:style-name="ro1"><table:table-cell table:style-name="ce3" office:value-type="string" calcext:value-type="string" table:number-columns-spanned="2" table:number-rows-spanned="1"><text:p>CURSO:CTP010</text:p></table:table-cell><table:covered-table-cell table:style-name="ce4"/><table:table-cell table:style-name="ce15" office:value-type="string" calcext:value-type="string"><text:p>TURMA:12 </text:p></table:table-cell><table:table-cell table:style-name="ce3" office:value-type="string" calcext:value-type="string" table:number-columns-spanned="2" table:number-rows-spanned="1"><text:p>LOCAL:CINDACTA4 </text:p></table:table-cell><table:covered-table-cell table:style-name="ce21"/><table:table-cell table:style-name="ce3" office:value-type="string" calcext:value-type="string" table:number-columns-spanned="7" table:number-rows-spanned="1"><text:p>PERÍODO:08-06-2015 a 19-06-2015 <text:s text:c="6"/></text:p></table:table-cell><table:covered-table-cell table:style-name="ce24"/><table:covered-table-cell table:number-columns-repeated="3" table:style-name="ce5"/><table:covered-table-cell table:number-columns-repeated="2" table:style-name="ce27"/></table:table-row><table:table-row table:style-name="ro1"><table:table-cell table:style-name="ce4" office:value-type="string" calcext:value-type="string"><text:p>POSTO/ESP</text:p></table:table-cell><table:table-cell table:style-name="ce4" office:value-type="string" calcext:value-type="string"><text:p>NOME</text:p></table:table-cell><table:table-cell table:style-name="ce4" office:value-type="string" calcext:value-type="string"><text:p>OM</text:p></table:table-cell><table:table-cell table:style-name="ce4" office:value-type="string" calcext:value-type="string"><text:p>TEMPO SVÇ</text:p></table:table-cell><table:table-cell table:style-name="ce4" office:value-type="string" calcext:value-type="string"><text:p>PRI.</text:p></table:table-cell><table:table-cell table:style-name="ce4" office:value-type="string" calcext:value-type="string"><text:p>SETOR</text:p></table:table-cell><table:table-cell table:style-name="ce4" office:value-type="string" calcext:value-type="string"><text:p>E-MAIL</text:p></table:table-cell><table:table-cell table:style-name="ce4" office:value-type="string" calcext:value-type="string"><text:p>CONTATO</text:p></table:table-cell><table:table-cell table:style-name="ce4" office:value-type="string" calcext:value-type="string"><text:p>CPF</text:p></table:table-cell><table:table-cell table:style-name="ce4" office:value-type="string" calcext:value-type="string"><text:p>SARAM</text:p></table:table-cell><table:table-cell table:style-name="ce4" office:value-type="string" calcext:value-type="string"><text:p>ID</text:p></table:table-cell><table:table-cell table:style-name="ce4" office:value-type="string" calcext:value-type="string"><text:p>DEP</text:p></table:table-cell></table:table-row><table:table-row table:style-name="ro2"><table:table-cell table:style-name="ce5" office:value-type="string" calcext:value-type="string"><text:p>3S QSS <text:s text:c="3"/>BCT</text:p></table:table-cell><table:table-cell table:style-name="ce12" office:value-type="string" calcext:value-type="string"><text:p><text:span text:style-name="T4">CAMILLA PEREIRA BATISTA (CAMILLA BATISTA)</text:span></text:p></table:table-cell><table:table-cell table:style-name="ce12" office:value-type="string" calcext:value-type="string"><text:p>CINDACTA IV</text:p></table:table-cell><table:table-cell table:style-name="ce18" office:value-type="string" calcext:value-type="string"><text:p>4A 2M 17D</text:p></table:table-cell><table:table-cell table:style-name="ce22" office:value-type="float" office:value="1" calcext:value-type="float"><text:p>1</text:p></table:table-cell><table:table-cell table:style-name="ce18" office:value-type="string" calcext:value-type="string"><text:p>ACC AZ</text:p></table:table-cell><table:table-cell table:style-name="ce25" office:value-type="string" calcext:value-type="string"><text:p><text:a xlink:href="mailto:" xlink:type="simple"> </text:a></text:p></table:table-cell><table:table-cell table:style-name="ce25" office:value-type="string" calcext:value-type="string"><text:p/></table:table-cell><table:table-cell table:style-name="ce26" office:value-type="string" calcext:value-type="string"><text:p>13187650724</text:p></table:table-cell><table:table-cell table:style-name="ce26" office:value-type="string" calcext:value-type="string"><text:p>6323561</text:p></table:table-cell><table:table-cell table:style-name="ce28" office:value-type="float" office:value="507213" calcext:value-type="float"><text:p>507.213</text:p></table:table-cell><table:table-cell table:style-name="ce25" office:value-type="string" calcext:value-type="string"><text:p>0</text:p></table:table-cell></table:table-row><table:table-row table:style-name="ro2"><table:table-cell table:style-name="ce5" office:value-type="string" calcext:value-type="string"><text:p>3S QSS <text:s text:c="3"/>BCT</text:p></table:table-cell><table:table-cell table:style-name="ce12" office:value-type="string" calcext:value-type="string"><text:p><text:span text:style-name="T4">FERNANDA BERENICE CARNEIRO (FERNANDA CARNEIRO)</text:span></text:p></table:table-cell><table:table-cell table:style-name="ce12" office:value-type="string" calcext:value-type="string"><text:p>CINDACTA IV</text:p></table:table-cell><table:table-cell table:style-name="ce18" office:value-type="string" calcext:value-type="string"><text:p>4A 2M 17D</text:p></table:table-cell><table:table-cell table:style-name="ce22" office:value-type="float" office:value="1" calcext:value-type="float"><text:p>1</text:p></table:table-cell><table:table-cell table:style-name="ce18" office:value-type="string" calcext:value-type="string"><text:p>ACC AZ</text:p></table:table-cell><table:table-cell table:style-name="ce25" office:value-type="string" calcext:value-type="string"><text:p><text:a xlink:href="mailto:" xlink:type="simple"> </text:a></text:p></table:table-cell><table:table-cell table:style-name="ce25" office:value-type="string" calcext:value-type="string"><text:p/></table:table-cell><table:table-cell table:style-name="ce26" office:value-type="string" calcext:value-type="string"><text:p>34715168839</text:p></table:table-cell><table:table-cell table:style-name="ce26" office:value-type="string" calcext:value-type="string"><text:p>6301495</text:p></table:table-cell><table:table-cell table:style-name="ce28" office:value-type="float" office:value="559106" calcext:value-type="float"><text:p>559.106</text:p></table:table-cell><table:table-cell table:style-name="ce25" office:value-type="string" calcext:value-type="string"><text:p>0</text:p></table:table-cell></table:table-row><table:table-row table:style-name="ro2"><table:table-cell table:style-name="ce5" office:value-type="string" calcext:value-type="string"><text:p>3S QSS <text:s text:c="3"/>BCT</text:p></table:table-cell><table:table-cell table:style-name="ce12" office:value-type="string" calcext:value-type="string"><text:p><text:span text:style-name="T4">ALINE ROCELI MACHADO DA TRINDADE (ALINE ROCELI)</text:span></text:p></table:table-cell><table:table-cell table:style-name="ce12" office:value-type="string" calcext:value-type="string"><text:p>DTCEABV</text:p></table:table-cell><table:table-cell table:style-name="ce18" office:value-type="string" calcext:value-type="string"><text:p>5A 9M 5D</text:p></table:table-cell><table:table-cell table:style-name="ce22" office:value-type="float" office:value="1" calcext:value-type="float"><text:p>1</text:p></table:table-cell><table:table-cell table:style-name="ce18" office:value-type="string" calcext:value-type="string"><text:p>TWR/APP</text:p></table:table-cell><table:table-cell table:style-name="ce25" office:value-type="string" calcext:value-type="string"><text:p><text:a xlink:href="mailto:" xlink:type="simple"> </text:a></text:p></table:table-cell><table:table-cell table:style-name="ce25" office:value-type="string" calcext:value-type="string"><text:p/></table:table-cell><table:table-cell table:style-name="ce26" office:value-type="string" calcext:value-type="string"><text:p>06749880436</text:p></table:table-cell><table:table-cell table:style-name="ce26" office:value-type="string" calcext:value-type="string"><text:p>6133150</text:p></table:table-cell><table:table-cell table:style-name="ce28" office:value-type="float" office:value="555894" calcext:value-type="float"><text:p>555.894</text:p></table:table-cell><table:table-cell table:style-name="ce25" office:value-type="string" calcext:value-type="string"><text:p>0</text:p></table:table-cell></table:table-row><table:table-row table:style-name="ro3"><table:table-cell table:style-name="ce5" office:value-type="string" calcext:value-type="string"><text:p>2S QSS <text:s text:c="3"/>BCT</text:p></table:table-cell><table:table-cell table:style-name="ce12" office:value-type="string" calcext:value-type="string"><text:p><text:span text:style-name="T4">FELIPE DA COSTA JARDIM (JARDIM)</text:span></text:p></table:table-cell><table:table-cell table:style-name="ce12" office:value-type="string" calcext:value-type="string"><text:p>DTCEARB</text:p></table:table-cell><table:table-cell table:style-name="ce18" office:value-type="string" calcext:value-type="string"><text:p>0A 0M 0D</text:p></table:table-cell><table:table-cell table:style-name="ce22" office:value-type="float" office:value="1" calcext:value-type="float"><text:p>1</text:p></table:table-cell><table:table-cell table:style-name="ce18" office:value-type="string" calcext:value-type="string"><text:p/></table:table-cell><table:table-cell table:style-name="ce25" office:value-type="string" calcext:value-type="string"><text:p><text:a xlink:href="mailto:" xlink:type="simple"> </text:a></text:p></table:table-cell><table:table-cell table:style-name="ce25" office:value-type="string" calcext:value-type="string"><text:p/></table:table-cell><table:table-cell table:style-name="ce26" office:value-type="string" calcext:value-type="string"><text:p>33416286812</text:p></table:table-cell><table:table-cell table:style-name="ce26" office:value-type="string" calcext:value-type="string"><text:p>4203160 </text:p></table:table-cell><table:table-cell table:style-name="ce28" office:value-type="float" office:value="528818" calcext:value-type="float"><text:p>528.818</text:p></table:table-cell><table:table-cell table:style-name="ce25" office:value-type="string" calcext:value-type="string"><text:p>0</text:p></table:table-cell></table:table-row><table:table-row table:style-name="ro2"><table:table-cell table:style-name="ce5" office:value-type="string" calcext:value-type="string"><text:p>3S QSS <text:s text:c="3"/>BCT</text:p></table:table-cell><table:table-cell table:style-name="ce12" office:value-type="string" calcext:value-type="string"><text:p><text:span text:style-name="T4">FERNANDA ROBERTA FREDERICO BIENIEK GONÇALVES (BIENIEK)</text:span></text:p></table:table-cell><table:table-cell table:style-name="ce12" office:value-type="string" calcext:value-type="string"><text:p>DTCEASL</text:p></table:table-cell><table:table-cell table:style-name="ce18" office:value-type="string" calcext:value-type="string"><text:p>7A 2M 23D</text:p></table:table-cell><table:table-cell table:style-name="ce22" office:value-type="float" office:value="1" calcext:value-type="float"><text:p>1</text:p></table:table-cell><table:table-cell table:style-name="ce18" office:value-type="string" calcext:value-type="string"><text:p>TWR SL</text:p></table:table-cell><table:table-cell table:style-name="ce25" office:value-type="string" calcext:value-type="string"><text:p><text:a xlink:href="mailto:" xlink:type="simple"> </text:a></text:p></table:table-cell><table:table-cell table:style-name="ce25" office:value-type="string" calcext:value-type="string"><text:p/></table:table-cell><table:table-cell table:style-name="ce26" office:value-type="string" calcext:value-type="string"><text:p>01530161169</text:p></table:table-cell><table:table-cell table:style-name="ce26" office:value-type="string" calcext:value-type="string"><text:p>6007724</text:p></table:table-cell><table:table-cell table:style-name="ce28" office:value-type="float" office:value="519485" calcext:value-type="float"><text:p>519.485</text:p></table:table-cell><table:table-cell table:style-name="ce25" office:value-type="string" calcext:value-type="string"><text:p>0</text:p></table:table-cell></table:table-row><table:table-row table:style-name="ro2"><table:table-cell table:style-name="ce5" office:value-type="string" calcext:value-type="string"><text:p>3S QSS <text:s text:c="3"/>BCT</text:p></table:table-cell><table:table-cell table:style-name="ce12" office:value-type="string" calcext:value-type="string"><text:p><text:span text:style-name="T4">SUELLEN CRISTINA FIGUEIRÊDO (SUELLEN FIGUEIREDO)</text:span></text:p></table:table-cell><table:table-cell table:style-name="ce12" office:value-type="string" calcext:value-type="string"><text:p>DTCEAEG</text:p></table:table-cell><table:table-cell table:style-name="ce18" office:value-type="string" calcext:value-type="string"><text:p>4A 2M 17D</text:p></table:table-cell><table:table-cell table:style-name="ce22" office:value-type="float" office:value="1" calcext:value-type="float"><text:p>1</text:p></table:table-cell><table:table-cell table:style-name="ce18" office:value-type="string" calcext:value-type="string"><text:p>SO</text:p></table:table-cell><table:table-cell table:style-name="ce25" office:value-type="string" calcext:value-type="string"><text:p><text:a xlink:href="mailto:" xlink:type="simple"> </text:a></text:p></table:table-cell><table:table-cell table:style-name="ce25" office:value-type="string" calcext:value-type="string"><text:p/></table:table-cell><table:table-cell table:style-name="ce26" office:value-type="string" calcext:value-type="string"><text:p>37631700818</text:p></table:table-cell><table:table-cell table:style-name="ce26" office:value-type="string" calcext:value-type="string"><text:p>6320236</text:p></table:table-cell><table:table-cell table:style-name="ce28" office:value-type="float" office:value="564588" calcext:value-type="float"><text:p>564.588</text:p></table:table-cell><table:table-cell table:style-name="ce25" office:value-type="string" calcext:value-type="string"><text:p>0</text:p></table:table-cell></table:table-row><table:table-row table:style-name="ro2"><table:table-cell table:style-name="ce5" office:value-type="string" calcext:value-type="string"><text:p>DACTA DACTA CTA</text:p></table:table-cell><table:table-cell table:style-name="ce12" office:value-type="string" calcext:value-type="string"><text:p><text:span text:style-name="T4">JOÃO EMANOEL RODRIGUES MOTA ()</text:span></text:p></table:table-cell><table:table-cell table:style-name="ce12" office:value-type="string" calcext:value-type="string"><text:p/></table:table-cell><table:table-cell table:style-name="ce18" office:value-type="string" calcext:value-type="string"><text:p>0A 0M 0D</text:p></table:table-cell><table:table-cell table:style-name="ce22" office:value-type="float" office:value="1" calcext:value-type="float"><text:p>1</text:p></table:table-cell><table:table-cell table:style-name="ce18" office:value-type="string" calcext:value-type="string"><text:p/></table:table-cell><table:table-cell table:style-name="ce25" office:value-type="string" calcext:value-type="string"><text:p><text:a xlink:href="mailto:" xlink:type="simple"> </text:a></text:p></table:table-cell><table:table-cell table:style-name="ce25" office:value-type="string" calcext:value-type="string"><text:p/></table:table-cell><table:table-cell table:number-columns-repeated="2" table:style-name="ce26" office:value-type="string" calcext:value-type="string"><text:p/></table:table-cell><table:table-cell table:style-name="ce28" office:value-type="float" office:value="610490" calcext:value-type="float"><text:p>610.490</text:p></table:table-cell><table:table-cell table:style-name="ce25" office:value-type="string" calcext:value-type="string"><text:p>0</text:p></table:table-cell></table:table-row><table:table-row table:style-name="ro2"><table:table-cell table:style-name="ce5" office:value-type="string" calcext:value-type="string"><text:p>3S QSS <text:s text:c="3"/>BCT</text:p></table:table-cell><table:table-cell table:style-name="ce12" office:value-type="string" calcext:value-type="string"><text:p><text:span text:style-name="T4">ALINE SOARES GUIMARÃES (ALINE SOARES)</text:span></text:p></table:table-cell><table:table-cell table:style-name="ce12" office:value-type="string" calcext:value-type="string"><text:p>DTCEAEG</text:p></table:table-cell><table:table-cell table:style-name="ce18" office:value-type="string" calcext:value-type="string"><text:p>4A 9M 5D</text:p></table:table-cell><table:table-cell table:style-name="ce22" office:value-type="float" office:value="1" calcext:value-type="float"><text:p>1</text:p></table:table-cell><table:table-cell table:style-name="ce18" office:value-type="string" calcext:value-type="string"><text:p>ACC AZ</text:p></table:table-cell><table:table-cell table:style-name="ce25" office:value-type="string" calcext:value-type="string"><text:p><text:a xlink:href="mailto:" xlink:type="simple"> </text:a></text:p></table:table-cell><table:table-cell table:style-name="ce25" office:value-type="string" calcext:value-type="string"><text:p/></table:table-cell><table:table-cell table:style-name="ce26" office:value-type="string" calcext:value-type="string"><text:p>10482029765</text:p></table:table-cell><table:table-cell table:style-name="ce26" office:value-type="string" calcext:value-type="string"><text:p>6248993</text:p></table:table-cell><table:table-cell table:style-name="ce28" office:value-type="float" office:value="562828" calcext:value-type="float"><text:p>562.828</text:p></table:table-cell><table:table-cell table:style-name="ce25" office:value-type="string" calcext:value-type="string"><text:p>0</text:p></table:table-cell></table:table-row><table:table-row table:style-name="ro2"><table:table-cell table:style-name="ce5" office:value-type="string" calcext:value-type="string"><text:p>2S QSS <text:s text:c="3"/>BCT</text:p></table:table-cell><table:table-cell table:style-name="ce12" office:value-type="string" calcext:value-type="string"><text:p><text:span text:style-name="T4">RAFAEL PORANGABA ACCIOLY DE OLIVEIRA (ACCIOLY)</text:span></text:p></table:table-cell><table:table-cell table:style-name="ce12" office:value-type="string" calcext:value-type="string"><text:p>CINDACTA IV</text:p></table:table-cell><table:table-cell table:style-name="ce18" office:value-type="string" calcext:value-type="string"><text:p>8A 1M 18D</text:p></table:table-cell><table:table-cell table:style-name="ce22" office:value-type="float" office:value="1" calcext:value-type="float"><text:p>1</text:p></table:table-cell><table:table-cell table:style-name="ce18" office:value-type="string" calcext:value-type="string"><text:p>ACC AZ</text:p></table:table-cell><table:table-cell table:style-name="ce25" office:value-type="string" calcext:value-type="string"><text:p><text:a xlink:href="mailto:" xlink:type="simple"> </text:a></text:p></table:table-cell><table:table-cell table:style-name="ce25" office:value-type="string" calcext:value-type="string"><text:p/></table:table-cell><table:table-cell table:style-name="ce26" office:value-type="string" calcext:value-type="string"><text:p>04712302437</text:p></table:table-cell><table:table-cell table:style-name="ce26" office:value-type="string" calcext:value-type="string"><text:p>4378954</text:p></table:table-cell><table:table-cell table:style-name="ce28" office:value-type="float" office:value="535773" calcext:value-type="float"><text:p>535.773</text:p></table:table-cell><table:table-cell table:style-name="ce25" office:value-type="string" calcext:value-type="string"><text:p>0</text:p></table:table-cell></table:table-row><table:table-row table:style-name="ro2"><table:table-cell table:style-name="ce5" office:value-type="string" calcext:value-type="string"><text:p>3S QSS <text:s text:c="3"/>BCT</text:p></table:table-cell><table:table-cell table:style-name="ce12" office:value-type="string" calcext:value-type="string"><text:p><text:span text:style-name="T4">RENATO AUGUSTO OLIVEIRA GALVÃO LEITE (GALVÃO)</text:span></text:p></table:table-cell><table:table-cell table:style-name="ce12" office:value-type="string" calcext:value-type="string"><text:p>CINDACTA IV</text:p></table:table-cell><table:table-cell table:style-name="ce18" office:value-type="string" calcext:value-type="string"><text:p>4A 2M 17D</text:p></table:table-cell><table:table-cell table:style-name="ce22" office:value-type="float" office:value="1" calcext:value-type="float"><text:p>1</text:p></table:table-cell><table:table-cell table:style-name="ce18" office:value-type="string" calcext:value-type="string"><text:p>ACC AZ</text:p></table:table-cell><table:table-cell table:style-name="ce25" office:value-type="string" calcext:value-type="string"><text:p><text:a xlink:href="mailto:" xlink:type="simple"> </text:a></text:p></table:table-cell><table:table-cell table:style-name="ce25" office:value-type="string" calcext:value-type="string"><text:p/></table:table-cell><table:table-cell table:style-name="ce26" office:value-type="string" calcext:value-type="string"><text:p>37739281816</text:p></table:table-cell><table:table-cell table:style-name="ce26" office:value-type="string" calcext:value-type="string"><text:p>6301630</text:p></table:table-cell><table:table-cell table:style-name="ce28" office:value-type="float" office:value="559199" calcext:value-type="float"><text:p>559.199</text:p></table:table-cell><table:table-cell table:style-name="ce25" office:value-type="string" calcext:value-type="string"><text:p>0</text:p></table:table-cell></table:table-row><table:table-row table:style-name="ro2"><table:table-cell table:style-name="ce5" office:value-type="string" calcext:value-type="string"><text:p>3S QSS <text:s text:c="3"/>BCT</text:p></table:table-cell><table:table-cell table:style-name="ce12" office:value-type="string" calcext:value-type="string"><text:p><text:span text:style-name="T4">RENATO FERNANDES DE MELO (FERNANDES)</text:span></text:p></table:table-cell><table:table-cell table:style-name="ce12" office:value-type="string" calcext:value-type="string"><text:p>CINDACTA IV</text:p></table:table-cell><table:table-cell table:style-name="ce18" office:value-type="string" calcext:value-type="string"><text:p>3A 2M 18D</text:p></table:table-cell><table:table-cell table:style-name="ce22" office:value-type="float" office:value="1" calcext:value-type="float"><text:p>1</text:p></table:table-cell><table:table-cell table:style-name="ce18" office:value-type="string" calcext:value-type="string"><text:p>R04. DESPACHANTE DE DIA</text:p></table:table-cell><table:table-cell table:style-name="ce25" office:value-type="string" calcext:value-type="string"><text:p><text:a xlink:href="mailto:" xlink:type="simple"> </text:a></text:p></table:table-cell><table:table-cell table:style-name="ce25" office:value-type="string" calcext:value-type="string"><text:p/></table:table-cell><table:table-cell table:style-name="ce26" office:value-type="string" calcext:value-type="string"><text:p>06646888965</text:p></table:table-cell><table:table-cell table:style-name="ce26" office:value-type="string" calcext:value-type="string"><text:p>6378757</text:p></table:table-cell><table:table-cell table:style-name="ce28" office:value-type="float" office:value="565092" calcext:value-type="float"><text:p>565.092</text:p></table:table-cell><table:table-cell table:style-name="ce25" office:value-type="string" calcext:value-type="string"><text:p>0</text:p></table:table-cell></table:table-row><table:table-row table:style-name="ro2"><table:table-cell table:style-name="ce5" office:value-type="string" calcext:value-type="string"><text:p>2 TEN QOEA <text:s text:c="2"/>CTA</text:p></table:table-cell><table:table-cell table:style-name="ce12" office:value-type="string" calcext:value-type="string"><text:p><text:span text:style-name="T4">CARLOS ALEXANDRE LOURINHO GOMES (ALEXANDRE)</text:span></text:p></table:table-cell><table:table-cell table:style-name="ce12" office:value-type="string" calcext:value-type="string"><text:p>DTCEABE</text:p></table:table-cell><table:table-cell table:style-name="ce18" office:value-type="string" calcext:value-type="string"><text:p>22A 2M 19D</text:p></table:table-cell><table:table-cell table:style-name="ce22" office:value-type="float" office:value="1" calcext:value-type="float"><text:p>1</text:p></table:table-cell><table:table-cell table:style-name="ce18" office:value-type="string" calcext:value-type="string"><text:p/></table:table-cell><table:table-cell table:style-name="ce25" office:value-type="string" calcext:value-type="string"><text:p><text:a xlink:href="mailto:" xlink:type="simple"> </text:a></text:p></table:table-cell><table:table-cell table:style-name="ce25" office:value-type="string" calcext:value-type="string"><text:p/></table:table-cell><table:table-cell table:style-name="ce26" office:value-type="string" calcext:value-type="string"><text:p>39223302234</text:p></table:table-cell><table:table-cell table:style-name="ce26" office:value-type="string" calcext:value-type="string"><text:p>3649288</text:p></table:table-cell><table:table-cell table:style-name="ce28" office:value-type="float" office:value="470172" calcext:value-type="float"><text:p>470.172</text:p></table:table-cell><table:table-cell table:style-name="ce25" office:value-type="string" calcext:value-type="string"><text:p>0</text:p></table:table-cell></table:table-row><table:table-row table:style-name="ro2"><table:table-cell table:style-name="ce5" office:value-type="string" calcext:value-type="string"><text:p>3S QSS <text:s text:c="3"/>BCT</text:p></table:table-cell><table:table-cell table:style-name="ce12" office:value-type="string" calcext:value-type="string"><text:p><text:span text:style-name="T4">LEANDRO SILVA PINTO (L. SILVA)</text:span></text:p></table:table-cell><table:table-cell table:style-name="ce12" office:value-type="string" calcext:value-type="string"><text:p>DTCEAPV</text:p></table:table-cell><table:table-cell table:style-name="ce18" office:value-type="string" calcext:value-type="string"><text:p>7A 1M 27D</text:p></table:table-cell><table:table-cell table:style-name="ce22" office:value-type="float" office:value="1" calcext:value-type="float"><text:p>1</text:p></table:table-cell><table:table-cell table:style-name="ce18" office:value-type="string" calcext:value-type="string"><text:p>TWR PV</text:p></table:table-cell><table:table-cell table:style-name="ce25" office:value-type="string" calcext:value-type="string"><text:p><text:a xlink:href="mailto:" xlink:type="simple"> </text:a></text:p></table:table-cell><table:table-cell table:style-name="ce25" office:value-type="string" calcext:value-type="string"><text:p/></table:table-cell><table:table-cell table:style-name="ce26" office:value-type="string" calcext:value-type="string"><text:p>07971391684</text:p></table:table-cell><table:table-cell table:style-name="ce26" office:value-type="string" calcext:value-type="string"><text:p>6010180</text:p></table:table-cell><table:table-cell table:style-name="ce28" office:value-type="float" office:value="541232" calcext:value-type="float"><text:p>541.232</text:p></table:table-cell><table:table-cell table:style-name="ce25" office:value-type="string" calcext:value-type="string"><text:p>0</text:p></table:table-cell></table:table-row><table:table-row table:style-name="ro1"><table:table-cell table:number-columns-repeated="12"/></table:table-row><table:table-row table:style-name="ro4"><table:table-cell table:style-name="ce6" office:value-type="string" calcext:value-type="string" table:number-columns-spanned="12" table:number-rows-spanned="1"><text:p><text:span text:style-name="T1">Justificativa para indicação de aluno e/ou instrutor:</text:span></text:p></table:table-cell><table:covered-table-cell table:style-name="ce13"/><table:covered-table-cell/><table:covered-table-cell table:style-name="ce19"/><table:covered-table-cell table:number-columns-repeated="8"/></table:table-row><table:table-row table:style-name="ro5"><table:table-cell table:style-name="ce7" office:value-type="string" calcext:value-type="string" table:number-columns-spanned="12" table:number-rows-spanned="1"><text:p><text:span text:style-name="T2">Justificativa para concessão de diárias fora de prazo, conforme §1º do Art. 5º da Portaria nº 239, de 14 de maio de 2012, do GABAER:</text:span><text:span text:style-name="T3">_</text:span></text:p></table:table-cell><table:covered-table-cell table:style-name="ce14"/><table:covered-table-cell table:style-name="ce16"/><table:covered-table-cell table:style-name="ce20"/><table:covered-table-cell table:number-columns-repeated="8" table:style-name="ce23"/></table:table-row><table:table-row table:style-name="ro1" table:number-rows-repeated="2"><table:table-cell table:style-name="ce8"/><table:table-cell table:style-name="ce14"/><table:table-cell table:style-name="ce16"/><table:table-cell table:style-name="ce20"/><table:table-cell table:style-name="ce23" table:number-columns-repeated="8"/></table:table-row><table:table-row table:style-name="ro1"><table:table-cell table:style-name="ce9" office:value-type="string" calcext:value-type="string" table:number-columns-spanned="12" table:number-rows-spanned="1"><text:p>Manaus, ___ de ___ <text:s/>de 2015 às __:__ h</text:p></table:table-cell><table:covered-table-cell table:style-name="ce10"/><table:covered-table-cell/><table:covered-table-cell table:style-name="ce20"/><table:covered-table-cell table:number-columns-repeated="8"/></table:table-row><table:table-row table:style-name="ro1"><table:table-cell/><table:table-cell table:style-name="ce10"/><table:table-cell/><table:table-cell table:style-name="ce20"/><table:table-cell table:number-columns-repeated="8"/></table:table-row><table:table-row table:style-name="ro3"><table:table-cell/><table:table-cell table:style-name="ce10"/><table:table-cell/><table:table-cell table:style-name="ce20"/><table:table-cell table:number-columns-repeated="8"/></table:table-row><table:table-row table:style-name="ro1"><table:table-cell/><table:table-cell table:style-name="ce10"/><table:table-cell/><table:table-cell table:style-name="ce20"/><table:table-cell table:number-columns-repeated="8"/></table:table-row><table:table-row table:style-name="ro1"><table:table-cell table:style-name="ce10" office:value-type="string" calcext:value-type="string" table:number-columns-spanned="12" table:number-rows-spanned="1"><text:p>_______________________________________________</text:p></table:table-cell><table:covered-table-cell table:style-name="ce10"/><table:covered-table-cell table:style-name="ce17"/><table:covered-table-cell table:style-name="ce14"/><table:covered-table-cell table:number-columns-repeated="8" table:style-name="ce17"/></table:table-row><table:table-row table:style-name="ro1"><table:table-cell table:style-name="ce9" office:value-type="string" calcext:value-type="string" table:number-columns-spanned="12" table:number-rows-spanned="1"><text:p/></table:table-cell><table:covered-table-cell table:style-name="ce9"/><table:covered-table-cell/><table:covered-table-cell table:style-name="ce20"/><table:covered-table-cell table:number-columns-repeated="8"/></table:table-row><table:table-row table:style-name="ro1"><table:table-cell table:style-name="ce9" office:value-type="string" calcext:value-type="string" table:number-columns-spanned="12" table:number-rows-spanned="1"><text:p>FÁBIO SANTIAGO DE GOUVEA - Maj. QOECTA</text:p></table:table-cell><table:covered-table-cell table:style-name="ce9"/><table:covered-table-cell table:number-columns-repeated="10"/></table:table-row><table:table-row table:style-name="ro1"><table:table-cell table:style-name="ce9" office:value-type="string" calcext:value-type="string" table:number-columns-spanned="12" table:number-rows-spanned="1"><text:p>Chefe da Divisão de Operações</text:p></table:table-cell><table:covered-table-cell table:style-name="ce9"/><table:covered-table-cell table:number-columns-repeated="10"/></table:table-row><table:table-row table:style-name="ro1" table:number-rows-repeated="1048539"><table:table-cell table:number-columns-repeated="12"/></table:table-row><table:table-row table:style-name="ro1"><table:table-cell table:number-columns-repeated="12"/></table:table-row></table:table><table:named-expressions/></office:spreadsheet></office:body></office:document-content>