<?xml version="1.0" encoding="UTF-8"?>
<office:document-meta xmlns:office="urn:oasis:names:tc:opendocument:xmlns:office:1.0" xmlns:xlink="http://www.w3.org/1999/xlink" xmlns:dc="http://purl.org/dc/elements/1.1/" xmlns:meta="urn:oasis:names:tc:opendocument:xmlns:meta:1.0" xmlns:ooo="http://openoffice.org/2004/office" xmlns:grddl="http://www.w3.org/2003/g/data-view#" office:version="1.2"><office:meta><meta:initial-creator>familia </meta:initial-creator><meta:creation-date>2013-04-25T14:57:15</meta:creation-date><dc:date>2015-04-13T11:03:48.300541091</dc:date><dc:creator>familia </dc:creator><meta:editing-duration>PT2H19M19S</meta:editing-duration><meta:editing-cycles>53</meta:editing-cycles><meta:generator>LibreOffice/4.2.5.2$Linux_X86_64 LibreOffice_project/61cb170a04bb1f12e77c884eab9192be736ec5f5</meta:generator><meta:printed-by>SO Diniz</meta:printed-by><meta:print-date>2013-09-24T15:30:53</meta:print-date><meta:document-statistic meta:table-count="1" meta:cell-count="185" meta:object-count="1"/></office:meta></office:document-meta>